Job Index,Start Time (ms),End Time,Duration (ms)
1,22:27:20.137,22:27:20.635,498
2,22:27:20.636,22:27:20.991,355
3,22:27:20.992,22:27:21.368,376
4,22:27:21.794,22:27:22.172,378
5,22:27:23.860,22:27:24.235,375
6,22:27:25.420,22:27:25.781,361
7,22:27:27.187,22:27:27.553,366
8,22:27:28.828,22:27:29.202,374
9,22:27:30.510,22:27:30.876,366
10,22:27:32.178,22:27:32.540,362
11,22:27:33.984,22:27:34.367,383
12,22:27:35.614,22:27:35.982,368
13,22:27:37.603,22:27:37.973,370
14,22:27:39.141,22:27:39.521,380
15,22:27:40.824,22:27:41.224,400
16,22:27:42.581,22:27:42.960,379
17,22:27:44.304,22:27:44.688,384
18,22:27:46.119,22:27:46.484,365
19,22:27:48.7,22:27:48.377,370
20,22:27:49.519,22:27:49.883,364
21,22:27:51.151,22:27:51.527,376
22,22:27:52.970,22:27:53.341,371
23,22:27:54.570,22:27:54.956,386
24,22:27:56.627,22:27:56.993,366
25,22:27:58.97,22:27:58.466,369
26,22:27:59.634,22:28:00.009,375
27,22:28:01.303,22:28:01.675,372
28,22:28:03.50,22:28:03.428,378
29,22:28:04.766,22:28:05.156,390
30,22:28:06.607,22:28:06.982,375
31,22:28:08.465,22:28:08.829,364
32,22:28:10.186,22:28:10.564,378
33,22:28:11.774,22:28:12.141,367
34,22:28:13.511,22:28:13.870,359
35,22:28:15.469,22:28:15.834,365
36,22:28:17.167,22:28:17.533,366
37,22:28:18.806,22:28:19.183,377
38,22:28:20.686,22:28:21.062,376
39,22:28:22.260,22:28:22.627,367
40,22:28:24.95,22:28:24.461,366
41,22:28:25.788,22:28:26.166,378
42,22:28:27.316,22:28:27.690,374
43,22:28:29.122,22:28:29.490,368
44,22:28:30.933,22:28:31.323,390
45,22:28:32.577,22:28:32.951,374
46,22:28:34.330,22:28:34.700,370
47,22:28:36.4,22:28:36.373,369
48,22:28:37.680,22:28:38.048,368
49,22:28:39.590,22:28:39.963,373
50,22:28:41.154,22:28:41.534,380
51,22:28:42.764,22:28:43.132,368
52,22:28:44.568,22:28:44.934,366
53,22:28:46.236,22:28:46.594,358
54,22:28:47.887,22:28:48.258,371
55,22:28:49.598,22:28:49.969,371
56,22:28:51.492,22:28:52.392,900
57,22:28:53.169,22:28:53.921,752
58,22:28:55.164,22:28:55.908,744
59,22:28:56.701,22:28:57.497,796
60,22:28:58.723,22:28:59.562,839
61,22:29:00.477,22:29:01.286,809
62,22:29:02.218,22:29:03.041,823
63,22:29:03.951,22:29:04.781,830
64,22:29:05.467,22:29:06.297,830
65,22:29:07.225,22:29:08.038,813
66,22:29:09.83,22:29:09.934,851
67,22:29:10.928,22:29:11.734,806
68,22:29:12.598,22:29:13.404,806
69,22:29:14.408,22:29:15.229,821
70,22:29:16.129,22:29:16.946,817
71,22:29:17.901,22:29:18.715,814
72,22:29:19.821,22:29:20.630,809
73,22:29:21.533,22:29:22.342,809
74,22:29:23.323,22:29:24.140,817
75,22:29:25.74,22:29:25.887,813
76,22:29:26.781,22:29:27.597,816
77,22:29:28.571,22:29:29.170,599
78,22:29:30.390,22:29:30.780,390
79,22:29:32.26,22:29:32.376,350
80,22:29:33.843,22:29:34.228,385
81,22:29:35.681,22:29:36.024,343
82,22:29:37.402,22:29:37.790,388
83,22:29:38.990,22:29:39.336,346
84,22:29:40.951,22:29:41.318,367
85,22:29:43.48,22:29:43.411,363
86,22:29:44.886,22:29:45.267,381
87,22:29:46.683,22:29:47.027,344
88,22:29:48.429,22:29:48.815,386
89,22:29:50.231,22:29:50.582,351
90,22:29:52.68,22:29:52.453,385
91,22:29:53.798,22:29:54.138,340
92,22:29:55.548,22:29:55.929,381
93,22:29:57.276,22:29:57.620,344
94,22:29:59.213,22:29:59.598,385
95,22:30:00.761,22:30:01.107,346
96,22:30:02.608,22:30:02.985,377
97,22:30:04.271,22:30:04.617,346
98,22:30:06.618,22:30:06.997,379
99,22:30:08.391,22:30:08.742,351
100,22:30:10.280,22:30:10.654,374
101,22:30:12.62,22:30:12.424,362
102,22:30:13.920,22:30:14.304,384
103,22:30:15.722,22:30:16.067,345
104,22:30:17.538,22:30:17.921,383
105,22:30:19.85,22:30:19.429,344
106,22:30:20.777,22:30:21.160,383
107,22:30:22.484,22:30:22.838,354
108,22:30:24.126,22:30:24.529,403
109,22:30:25.896,22:30:26.249,353
110,22:30:27.794,22:30:28.180,386
111,22:30:29.431,22:30:29.768,337
112,22:30:31.82,22:30:31.461,379
113,22:30:32.817,22:30:33.180,363
114,22:30:34.772,22:30:35.153,381
115,22:30:36.501,22:30:36.860,359
116,22:30:38.386,22:30:38.776,390
117,22:30:39.893,22:30:40.240,347
118,22:30:41.740,22:30:42.128,388
119,22:30:43.288,22:30:43.627,339
120,22:30:44.936,22:30:45.316,380
121,22:30:46.618,22:30:46.976,358
122,22:30:48.275,22:30:48.653,378
123,22:30:49.952,22:30:50.293,341
124,22:30:51.723,22:30:52.103,380
125,22:30:53.631,22:30:53.972,341
126,22:30:55.130,22:30:55.516,386
127,22:30:56.883,22:30:57.231,348
128,22:30:58.528,22:30:58.910,382
129,22:31:00.84,22:31:00.435,351
130,22:31:02.41,22:31:02.430,389
131,22:31:03.748,22:31:04.097,349
132,22:31:05.456,22:31:05.839,383
133,22:31:07.141,22:31:07.483,342
134,22:31:08.746,22:31:09.126,380
135,22:31:10.493,22:31:10.833,340
136,22:31:12.331,22:31:12.734,403
137,22:31:13.993,22:31:14.340,347
138,22:31:15.701,22:31:16.077,376
139,22:31:17.475,22:31:17.819,344
140,22:31:19.113,22:31:19.598,485
141,22:31:20.771,22:31:21.133,362
142,22:31:22.577,22:31:22.969,392
143,22:31:24.214,22:31:24.619,405
144,22:31:26.116,22:31:26.462,346
145,22:31:27.800,22:31:28.175,375
146,22:31:29.463,22:31:30.218,755
147,22:31:31.291,22:31:32.010,719
148,22:31:32.980,22:31:33.769,789
149,22:31:34.834,22:31:35.689,855
150,22:31:36.618,22:31:37.434,816
151,22:31:38.464,22:31:39.283,819
152,22:31:40.223,22:31:41.060,837
153,22:31:41.951,22:31:42.764,813
154,22:31:43.707,22:31:44.524,817
155,22:31:45.464,22:31:46.281,817
156,22:31:47.287,22:31:48.122,835
157,22:31:49.38,22:31:49.870,832
158,22:31:50.671,22:31:51.491,820
159,22:31:52.503,22:31:53.320,817
160,22:31:54.265,22:31:55.100,835
161,22:31:55.984,22:31:56.771,787
162,22:31:57.702,22:31:58.487,785
163,22:31:59.624,22:32:00.453,829
164,22:32:01.195,22:32:02.002,807
165,22:32:03.210,22:32:04.050,840
166,22:32:04.734,22:32:05.552,818
167,22:32:06.459,22:32:07.287,828
168,22:32:08.855,22:32:09.684,829
169,22:32:10.208,22:32:11.023,815
170,22:32:11.944,22:32:12.767,823
171,22:32:13.760,22:32:14.594,834
172,22:32:15.221,22:32:16.041,820
173,22:32:17.347,22:32:18.174,827
174,22:32:19.28,22:32:19.920,892
175,22:32:20.726,22:32:21.561,835
176,22:32:22.507,22:32:23.320,813
177,22:32:24.251,22:32:25.061,810
178,22:32:25.987,22:32:26.805,818
179,22:32:27.738,22:32:28.569,831
180,22:32:29.476,22:32:30.291,815
181,22:32:31.204,22:32:32.030,826
182,22:32:32.944,22:32:33.755,811
183,22:32:34.642,22:32:35.457,815
184,22:32:36.494,22:32:37.346,852
185,22:32:38.168,22:32:38.984,816
186,22:32:40.1,22:32:40.818,817
187,22:32:41.656,22:32:42.469,813
188,22:32:43.390,22:32:44.204,814
189,22:32:45.226,22:32:46.041,815
190,22:32:47.69,22:32:47.872,803
191,22:32:48.844,22:32:49.670,826
192,22:32:50.681,22:32:51.503,822
193,22:32:52.503,22:32:53.342,839
194,22:32:54.762,22:32:55.612,850
195,22:32:56.131,22:32:56.925,794
196,22:32:57.936,22:32:58.740,804
197,22:32:59.788,22:33:00.620,832
198,22:33:01.508,22:33:02.245,737
199,22:33:03.312,22:33:03.651,339
200,22:33:05.204,22:33:05.602,398
201,22:33:07.115,22:33:07.455,340
202,22:33:09.3,22:33:09.394,391
203,22:33:10.961,22:33:11.313,352
204,22:33:12.503,22:33:12.885,382
205,22:33:14.298,22:33:14.646,348
206,22:33:16.153,22:33:16.539,386
207,22:33:18.265,22:33:18.612,347
208,22:33:20.37,22:33:20.425,388
209,22:33:21.776,22:33:22.136,360
210,22:33:23.500,22:33:23.882,382
211,22:33:25.467,22:33:25.813,346
212,22:33:27.233,22:33:27.624,391
213,22:33:29.751,22:33:30.101,350
214,22:33:31.441,22:33:31.820,379
215,22:33:33.330,22:33:33.681,351
216,22:33:34.926,22:33:35.308,382
217,22:33:36.476,22:33:36.823,347
218,22:33:38.553,22:33:38.937,384
219,22:33:40.330,22:33:40.680,350
220,22:33:41.946,22:33:42.329,383
221,22:33:43.552,22:33:43.898,346
222,22:33:45.344,22:33:45.756,412
223,22:33:47.96,22:33:47.450,354
224,22:33:48.806,22:33:49.186,380
225,22:33:50.427,22:33:50.768,341
226,22:33:52.419,22:33:52.807,388
227,22:33:54.27,22:33:54.366,339
228,22:33:55.616,22:33:56.000,384
229,22:33:57.260,22:33:57.599,339
230,22:33:59.147,22:33:59.536,389
231,22:34:00.888,22:34:01.232,344
232,22:34:02.539,22:34:02.918,379
233,22:34:04.327,22:34:04.677,350
234,22:34:06.121,22:34:06.504,383
235,22:34:07.973,22:34:08.313,340
236,22:34:09.741,22:34:10.128,387
237,22:34:11.388,22:34:11.733,345
238,22:34:13.168,22:34:13.552,384
239,22:34:14.815,22:34:15.160,345
240,22:34:16.792,22:34:17.169,377
241,22:34:18.251,22:34:18.591,340
242,22:34:20.56,22:34:20.444,388
243,22:34:21.884,22:34:22.230,346
244,22:34:23.639,22:34:24.020,381
245,22:34:25.344,22:34:25.693,349
246,22:34:26.998,22:34:27.376,378
247,22:34:28.557,22:34:28.895,338
248,22:34:30.276,22:34:30.658,382
249,22:34:31.997,22:34:32.344,347
250,22:34:33.593,22:34:33.972,379
251,22:34:35.413,22:34:35.764,351
252,22:34:37.74,22:34:37.455,381
253,22:34:38.579,22:34:38.928,349
254,22:34:40.327,22:34:40.703,376
255,22:34:42.120,22:34:42.466,346
256,22:34:43.900,22:34:44.280,380
257,22:34:45.458,22:34:45.806,348
258,22:34:47.283,22:34:47.672,389
259,22:34:48.811,22:34:49.146,335
260,22:34:50.624,22:34:50.999,375
261,22:34:52.433,22:34:52.771,338
262,22:34:54.63,22:34:54.441,378
263,22:34:55.723,22:34:56.072,349
264,22:34:57.621,22:34:58.000,379
265,22:34:59.368,22:34:59.708,340
266,22:35:00.994,22:35:01.382,388
267,22:35:02.755,22:35:03.514,759
268,22:35:04.608,22:35:05.374,766
269,22:35:06.339,22:35:07.150,811
270,22:35:08.90,22:35:08.893,803
271,22:35:09.820,22:35:10.624,804
272,22:35:11.769,22:35:12.602,833
273,22:35:13.721,22:35:14.530,809
274,22:35:15.351,22:35:16.158,807
275,22:35:17.398,22:35:18.399,1001
276,22:35:19.96,22:35:20.070,974
277,22:35:20.936,22:35:21.779,843
278,22:35:22.519,22:35:23.348,829
279,22:35:24.375,22:35:25.210,835
280,22:35:26.126,22:35:26.963,837
281,22:35:27.956,22:35:28.793,837
282,22:35:29.586,22:35:30.402,816
283,22:35:31.233,22:35:32.047,814
284,22:35:32.967,22:35:33.786,819
285,22:35:34.704,22:35:35.492,788
286,22:35:36.446,22:35:37.268,822
287,22:35:38.192,22:35:39.046,854
288,22:35:40.86,22:35:40.899,813
289,22:35:41.907,22:35:42.728,821
290,22:35:43.720,22:35:44.549,829
291,22:35:45.663,22:35:46.291,628
292,22:35:47.554,22:35:47.973,419
293,22:35:49.562,22:35:49.940,378
294,22:35:51.507,22:35:51.894,387
295,22:35:53.256,22:35:53.606,350
296,22:35:55.285,22:35:55.669,384
297,22:35:57.150,22:35:57.517,367
298,22:35:58.766,22:35:59.158,392
299,22:36:00.722,22:36:01.107,385
300,22:36:02.235,22:36:02.611,376
301,22:36:03.880,22:36:04.227,347
302,22:36:05.825,22:36:06.211,386
303,22:36:07.491,22:36:07.833,342
304,22:36:09.338,22:36:09.734,396
305,22:36:10.934,22:36:11.287,353
306,22:36:12.560,22:36:12.940,380
307,22:36:14.273,22:36:14.621,348
308,22:36:16.102,22:36:16.481,379
309,22:36:17.991,22:36:18.344,353
310,22:36:19.575,22:36:19.956,381
311,22:36:21.196,22:36:21.536,340
312,22:36:23.186,22:36:23.574,388
313,22:36:24.759,22:36:25.106,347
314,22:36:26.319,22:36:26.701,382
315,22:36:28.63,22:36:28.411,348
316,22:36:29.814,22:36:30.194,380
317,22:36:31.388,22:36:31.733,345
318,22:36:33.160,22:36:33.546,386
319,22:36:35.103,22:36:35.447,344
320,22:36:36.675,22:36:37.058,383
321,22:36:38.497,22:36:38.847,350
322,22:36:40.116,22:36:40.494,378
323,22:36:41.713,22:36:42.059,346
324,22:36:43.398,22:36:43.784,386
325,22:36:45.143,22:36:45.490,347
326,22:36:46.740,22:36:47.116,376
327,22:36:48.598,22:36:48.948,350
328,22:36:50.255,22:36:50.635,380
329,22:36:52.20,22:36:52.370,350
330,22:36:53.820,22:36:54.204,384
331,22:36:55.585,22:36:55.939,354
332,22:36:57.447,22:36:57.827,380
333,22:36:58.977,22:36:59.328,351
334,22:37:00.704,22:37:01.085,381
335,22:37:02.622,22:37:02.965,343
336,22:37:04.393,22:37:04.776,383
337,22:37:06.94,22:37:06.442,348
338,22:37:07.880,22:37:08.269,389
339,22:37:09.519,22:37:09.873,354
340,22:37:11.255,22:37:11.640,385
341,22:37:12.897,22:37:13.235,338
342,22:37:14.635,22:37:15.016,381
343,22:37:16.441,22:37:16.791,350
344,22:37:18.111,22:37:18.495,384
345,22:37:19.731,22:37:20.068,337
346,22:37:21.633,22:37:22.043,410
347,22:37:23.189,22:37:23.542,353
348,22:37:25.199,22:37:25.583,384
349,22:37:26.793,22:37:27.136,343
350,22:37:28.568,22:37:28.948,380
351,22:37:30.403,22:37:30.747,344
352,22:37:31.979,22:37:32.367,388
353,22:37:33.663,22:37:34.009,346
354,22:37:35.426,22:37:35.810,384
355,22:37:37.159,22:37:37.507,348
356,22:37:39.306,22:37:39.707,401
357,22:37:40.658,22:37:40.996,338
358,22:37:42.483,22:37:42.867,384
359,22:37:44.420,22:37:44.774,354
360,22:37:46.181,22:37:46.974,793
361,22:37:47.907,22:37:48.802,895
362,22:37:49.666,22:37:50.375,709
363,22:37:51.575,22:37:52.406,831
364,22:37:53.262,22:37:54.077,815
365,22:37:54.888,22:37:55.707,819
366,22:37:56.767,22:37:57.595,828
367,22:37:58.370,22:37:59.194,824
368,22:38:00.129,22:38:00.964,835
369,22:38:02.58,22:38:02.882,824
370,22:38:03.638,22:38:04.449,811
371,22:38:05.345,22:38:06.175,830
372,22:38:07.110,22:38:07.934,824
373,22:38:08.823,22:38:09.638,815
374,22:38:10.636,22:38:11.487,851
375,22:38:12.310,22:38:13.134,824
376,22:38:14.174,22:38:14.994,820
377,22:38:15.793,22:38:16.617,824
378,22:38:17.535,22:38:18.367,832
379,22:38:19.275,22:38:20.104,829
380,22:38:20.903,22:38:21.728,825
381,22:38:22.673,22:38:23.501,828
382,22:38:24.482,22:38:25.317,835
383,22:38:26.110,22:38:26.925,815
384,22:38:27.881,22:38:28.703,822
385,22:38:29.728,22:38:30.564,836
386,22:38:31.368,22:38:32.179,811
387,22:38:33.96,22:38:33.917,821
388,22:38:34.846,22:38:35.672,826
389,22:38:36.593,22:38:37.410,817
390,22:38:38.510,22:38:39.349,839
391,22:38:40.0,22:38:40.824,824
392,22:38:41.863,22:38:42.720,857
393,22:38:43.384,22:38:44.200,816
394,22:38:45.165,22:38:45.987,822
395,22:38:46.920,22:38:47.735,815
396,22:38:48.660,22:38:49.470,810
397,22:38:50.399,22:38:51.219,820
398,22:38:52.130,22:38:52.953,823
399,22:38:53.873,22:38:54.695,822
400,22:38:55.630,22:38:56.448,818
401,22:38:57.357,22:38:58.192,835
402,22:38:59.56,22:38:59.876,820
403,22:39:00.709,22:39:01.534,825
404,22:39:02.477,22:39:03.299,822
405,22:39:04.196,22:39:05.017,821
406,22:39:05.963,22:39:06.793,830
407,22:39:07.705,22:39:08.526,821
408,22:39:09.421,22:39:10.242,821
409,22:39:11.133,22:39:11.946,813
410,22:39:12.823,22:39:13.714,891
411,22:39:14.669,22:39:15.508,839
412,22:39:16.308,22:39:17.124,816
413,22:39:18.44,22:39:18.862,818
414,22:39:19.810,22:39:20.647,837
415,22:39:21.429,22:39:22.240,811
416,22:39:23.32,22:39:23.856,824
417,22:39:24.798,22:39:25.597,799
418,22:39:26.530,22:39:27.312,782
419,22:39:28.378,22:39:29.197,819
420,22:39:30.124,22:39:30.946,822
421,22:39:31.760,22:39:32.557,797
422,22:39:33.489,22:39:34.237,748
423,22:39:35.246,22:39:36.027,781
424,22:39:36.980,22:39:37.745,765
425,22:39:38.726,22:39:39.538,812
426,22:39:40.459,22:39:41.298,839
427,22:39:42.101,22:39:42.914,813
428,22:39:43.833,22:39:44.657,824
429,22:39:45.512,22:39:46.338,826
430,22:39:47.229,22:39:48.050,821
431,22:39:48.975,22:39:49.829,854
432,22:39:50.912,22:39:51.703,791
433,22:39:52.548,22:39:53.359,811
434,22:39:54.307,22:39:55.222,915
435,22:39:56.143,22:39:56.980,837
436,22:39:57.807,22:39:58.652,845
437,22:39:59.421,22:40:00.245,824
438,22:40:01.175,22:40:01.996,821
439,22:40:02.880,22:40:03.702,822
440,22:40:04.630,22:40:05.457,827
441,22:40:06.387,22:40:07.211,824
442,22:40:08.99,22:40:08.895,796
443,22:40:09.857,22:40:10.680,823
444,22:40:11.812,22:40:12.630,818
445,22:40:13.656,22:40:14.484,828
446,22:40:15.550,22:40:16.379,829
447,22:40:17.129,22:40:17.893,764
448,22:40:18.857,22:40:19.668,811
449,22:40:20.507,22:40:21.338,831
450,22:40:22.241,22:40:23.090,849
451,22:40:23.847,22:40:24.664,817
452,22:40:25.512,22:40:26.330,818
453,22:40:27.248,22:40:28.051,803
454,22:40:29.1,22:40:29.829,828
455,22:40:30.825,22:40:31.654,829
456,22:40:32.472,22:40:33.213,741
457,22:40:34.220,22:40:35.036,816
458,22:40:35.964,22:40:36.785,821
459,22:40:37.709,22:40:38.538,829
460,22:40:39.456,22:40:40.269,813
461,22:40:41.514,22:40:42.339,825
462,22:40:43.148,22:40:43.958,810
463,22:40:44.867,22:40:45.683,816
464,22:40:46.849,22:40:47.673,824
465,22:40:48.577,22:40:49.376,799
466,22:40:50.194,22:40:51.004,810
467,22:40:51.940,22:40:52.775,835
468,22:40:53.580,22:40:54.405,825
469,22:40:55.322,22:40:56.131,809
470,22:40:57.113,22:40:57.938,825
471,22:40:58.919,22:40:59.759,840
472,22:41:00.550,22:41:01.454,904
473,22:41:02.464,22:41:03.300,836
474,22:41:03.924,22:41:04.727,803
475,22:41:05.669,22:41:06.478,809
476,22:41:07.625,22:41:08.395,770
477,22:41:09.348,22:41:10.126,778
478,22:41:11.78,22:41:11.944,866
479,22:41:13.407,22:41:13.761,354
480,22:41:15.17,22:41:15.402,385
481,22:41:16.844,22:41:17.205,361
482,22:41:18.347,22:41:18.730,383
483,22:41:20.115,22:41:20.463,348
484,22:41:21.893,22:41:22.288,395
485,22:41:23.579,22:41:23.923,344
486,22:41:25.330,22:41:25.705,375
487,22:41:26.943,22:41:27.291,348
488,22:41:28.684,22:41:29.066,382
489,22:41:30.444,22:41:30.786,342
490,22:41:32.160,22:41:32.543,383
491,22:41:33.904,22:41:34.248,344
492,22:41:35.655,22:41:36.037,382
493,22:41:37.507,22:41:37.848,341
494,22:41:39.235,22:41:39.627,392
495,22:41:41.100,22:41:41.443,343
496,22:41:42.817,22:41:43.193,376
497,22:41:44.660,22:41:45.004,344
498,22:41:46.199,22:41:46.579,380
499,22:41:47.960,22:41:48.303,343
500,22:41:49.781,22:41:50.161,380
501,22:41:51.388,22:41:51.731,343
502,22:41:53.57,22:41:53.436,379
503,22:41:54.861,22:41:55.205,344
504,22:41:56.498,22:41:56.878,380
505,22:41:58.117,22:41:58.457,340
506,22:41:59.945,22:42:00.322,377
507,22:42:01.656,22:42:01.998,342
508,22:42:03.220,22:42:03.601,381
509,22:42:04.984,22:42:05.331,347
510,22:42:06.684,22:42:07.061,377
511,22:42:08.217,22:42:08.566,349
512,22:42:09.858,22:42:10.238,380
513,22:42:11.744,22:42:12.090,346
514,22:42:13.359,22:42:13.738,379
515,22:42:14.980,22:42:15.324,344
516,22:42:16.834,22:42:17.223,389
517,22:42:18.554,22:42:18.901,347
518,22:42:20.422,22:42:20.807,385
519,22:42:21.991,22:42:22.339,348
520,22:42:23.639,22:42:24.020,381
521,22:42:25.394,22:42:25.750,356
522,22:42:27.39,22:42:27.427,388
523,22:42:28.787,22:42:29.132,345
524,22:42:30.411,22:42:30.795,384
525,22:42:32.280,22:42:32.623,343
526,22:42:33.921,22:42:34.301,380
527,22:42:35.649,22:42:35.991,342
528,22:42:37.701,22:42:38.086,385
529,22:42:39.312,22:42:39.659,347
530,22:42:41.88,22:42:41.476,388
531,22:42:42.749,22:42:43.097,348
532,22:42:44.476,22:42:44.857,381
533,22:42:46.201,22:42:46.541,340
534,22:42:47.795,22:42:48.177,382
535,22:42:49.623,22:42:49.976,353
536,22:42:51.316,22:42:51.696,380
537,22:42:53.62,22:42:53.413,351
538,22:42:54.707,22:42:55.088,381
539,22:42:56.450,22:42:56.790,340
540,22:42:58.243,22:42:58.628,385
541,22:42:59.853,22:43:00.201,348
542,22:43:01.573,22:43:01.970,397
543,22:43:03.207,22:43:03.550,343
544,22:43:05.43,22:43:05.433,390
545,22:43:06.604,22:43:06.950,346
546,22:43:08.319,22:43:08.695,376
547,22:43:10.1,22:43:10.345,344
548,22:43:11.644,22:43:12.171,527
549,22:43:13.489,22:43:14.252,763
550,22:43:15.206,22:43:15.974,768
551,22:43:16.845,22:43:17.651,806
552,22:43:18.457,22:43:19.289,832
553,22:43:20.477,22:43:21.313,836
554,22:43:21.947,22:43:22.757,810
555,22:43:23.669,22:43:24.487,818
556,22:43:25.454,22:43:26.296,842
557,22:43:27.179,22:43:28.013,834
558,22:43:28.924,22:43:29.687,763
559,22:43:30.689,22:43:31.484,795
560,22:43:32.407,22:43:33.221,814
561,22:43:34.150,22:43:34.948,798
562,22:43:35.893,22:43:36.729,836
563,22:43:37.673,22:43:38.463,790
564,22:43:39.522,22:43:40.335,813
565,22:43:41.319,22:43:42.107,788
566,22:43:42.969,22:43:43.778,809
567,22:43:44.833,22:43:45.646,813
568,22:43:46.842,22:43:47.656,814
569,22:43:48.782,22:43:49.581,799
570,22:43:50.522,22:43:51.341,819
571,22:43:52.582,22:43:53.407,825
572,22:43:54.339,22:43:55.149,810
573,22:43:56.115,22:43:56.924,809
574,22:43:57.780,22:43:58.583,803
575,22:43:59.577,22:44:00.346,769
576,22:44:01.291,22:44:02.112,821
577,22:44:03.126,22:44:03.915,789
578,22:44:04.862,22:44:05.679,817
579,22:44:06.820,22:44:07.625,805
580,22:44:08.584,22:44:09.349,765
581,22:44:10.290,22:44:11.107,817
582,22:44:12.41,22:44:12.855,814
583,22:44:13.789,22:44:14.580,791
584,22:44:15.627,22:44:16.433,806
585,22:44:17.464,22:44:18.280,816
586,22:44:19.155,22:44:19.956,801
587,22:44:20.844,22:44:21.619,775
588,22:44:22.601,22:44:23.413,812
589,22:44:24.305,22:44:25.101,796
590,22:44:26.281,22:44:27.111,830
591,22:44:27.969,22:44:28.784,815
592,22:44:29.745,22:44:30.581,836
593,22:44:31.246,22:44:32.056,810
594,22:44:33.128,22:44:33.953,825
595,22:44:34.869,22:44:35.676,807
596,22:44:36.608,22:44:37.430,822
597,22:44:38.347,22:44:39.179,832
598,22:44:40.150,22:44:40.971,821
599,22:44:41.948,22:44:42.773,825
600,22:44:43.770,22:44:44.590,820
601,22:44:45.522,22:44:46.343,821
602,22:44:47.436,22:44:48.251,815
603,22:44:49.224,22:44:49.990,766
604,22:44:50.960,22:44:51.763,803
605,22:44:52.585,22:44:53.378,793
606,22:44:54.360,22:44:55.173,813
607,22:44:56.410,22:44:57.226,816
608,22:44:58.326,22:44:59.102,776
609,22:45:00.57,22:45:00.883,826
610,22:45:01.801,22:45:02.613,812
611,22:45:03.503,22:45:04.304,801
612,22:45:05.317,22:45:06.130,813
613,22:45:07.79,22:45:07.883,804
614,22:45:08.878,22:45:09.652,774
615,22:45:10.616,22:45:11.428,812
616,22:45:12.457,22:45:13.294,837
617,22:45:14.206,22:45:15.014,808
618,22:45:15.938,22:45:16.756,818
619,22:45:17.684,22:45:18.498,814
620,22:45:19.520,22:45:20.335,815
621,22:45:21.250,22:45:22.068,818
622,22:45:22.892,22:45:23.662,770
623,22:45:24.606,22:45:25.437,831
624,22:45:26.378,22:45:27.162,784
625,22:45:28.109,22:45:28.911,802
626,22:45:29.960,22:45:30.764,804
627,22:45:31.600,22:45:32.393,793
628,22:45:33.332,22:45:34.161,829
629,22:45:35.60,22:45:35.877,817
630,22:45:36.773,22:45:37.786,1013
631,22:45:38.556,22:45:39.414,858
632,22:45:40.309,22:45:41.115,806
633,22:45:42.49,22:45:42.874,825
634,22:45:43.672,22:45:44.490,818
635,22:45:45.425,22:45:46.230,805
636,22:45:47.157,22:45:47.947,790
637,22:45:48.896,22:45:49.705,809
638,22:45:50.750,22:45:51.539,789
639,22:45:52.631,22:45:53.426,795
640,22:45:54.339,22:45:55.132,793
641,22:45:56.77,22:45:56.866,789
642,22:45:57.809,22:45:58.260,451
643,22:45:59.463,22:45:59.917,454
644,22:46:01.279,22:46:01.625,346
645,22:46:03.192,22:46:03.587,395
646,22:46:04.900,22:46:05.242,342
647,22:46:06.486,22:46:06.873,387
648,22:46:08.244,22:46:08.583,339
649,22:46:09.953,22:46:10.331,378
650,22:46:11.619,22:46:11.961,342
651,22:46:13.278,22:46:13.677,399
652,22:46:14.886,22:46:15.233,347
653,22:46:16.848,22:46:17.237,389
654,22:46:18.636,22:46:18.983,347
655,22:46:20.431,22:46:20.814,383
656,22:46:21.960,22:46:22.303,343
657,22:46:23.769,22:46:24.159,390
658,22:46:25.447,22:46:25.792,345
659,22:46:27.90,22:46:27.471,381
660,22:46:28.751,22:46:29.110,359
661,22:46:30.469,22:46:30.853,384
662,22:46:32.106,22:46:32.446,340
663,22:46:33.773,22:46:34.154,381
664,22:46:35.576,22:46:35.925,349
665,22:46:37.431,22:46:37.811,380
666,22:46:39.185,22:46:39.522,337
667,22:46:40.729,22:46:41.111,382
668,22:46:42.481,22:46:42.827,346
669,22:46:44.128,22:46:44.514,386
670,22:46:45.721,22:46:46.062,341
671,22:46:47.476,22:46:47.859,383
672,22:46:49.71,22:46:49.412,341
673,22:46:50.869,22:46:51.249,380
674,22:46:52.493,22:46:52.837,344
675,22:46:54.497,22:46:54.888,391
676,22:46:56.70,22:46:56.412,342
677,22:46:57.798,22:46:58.188,390
678,22:46:59.524,22:46:59.874,350
679,22:47:01.190,22:47:01.569,379
680,22:47:02.920,22:47:03.264,344
681,22:47:04.575,22:47:04.962,387
682,22:47:06.312,22:47:06.655,343
683,22:47:07.861,22:47:08.255,394
684,22:47:09.798,22:47:10.151,353
685,22:47:11.299,22:47:11.682,383
686,22:47:12.926,22:47:13.269,343
687,22:47:14.722,22:47:15.107,385
688,22:47:16.436,22:47:16.779,343
689,22:47:18.73,22:47:18.456,383
690,22:47:19.681,22:47:20.035,354
691,22:47:21.564,22:47:21.958,394
692,22:47:23.143,22:47:23.502,359
693,22:47:24.941,22:47:25.334,393
694,22:47:26.789,22:47:27.139,350
695,22:47:28.359,22:47:28.739,380
696,22:47:30.366,22:47:30.720,354
697,22:47:32.136,22:47:32.517,381
698,22:47:33.767,22:47:34.106,339
699,22:47:35.794,22:47:36.188,394
700,22:47:37.614,22:47:37.970,356
701,22:47:39.114,22:47:39.491,377
702,22:47:40.786,22:47:41.130,344
703,22:47:42.739,22:47:43.123,384
704,22:47:44.217,22:47:44.558,341
705,22:47:46.269,22:47:46.647,378
706,22:47:47.933,22:47:48.278,345
707,22:47:49.727,22:47:50.122,395
708,22:47:51.497,22:47:51.845,348
709,22:47:53.196,22:47:53.575,379
710,22:47:55.6,22:47:55.359,353
711,22:47:56.527,22:47:56.904,377
712,22:47:58.312,22:47:58.671,359
713,22:47:59.948,22:48:00.332,384
714,22:48:01.737,22:48:02.078,341
715,22:48:03.274,22:48:03.654,380
716,22:48:04.977,22:48:05.322,345
717,22:48:06.744,22:48:07.127,383
718,22:48:08.457,22:48:08.798,341
719,22:48:10.237,22:48:10.623,386
720,22:48:12.36,22:48:12.383,347
721,22:48:13.677,22:48:14.060,383
722,22:48:15.304,22:48:15.674,370
723,22:48:17.159,22:48:17.543,384
724,22:48:18.904,22:48:19.248,344
725,22:48:20.522,22:48:20.900,378
726,22:48:22.293,22:48:22.633,340
727,22:48:24.19,22:48:24.407,388
728,22:48:25.897,22:48:26.233,336
729,22:48:27.624,22:48:28.007,383
730,22:48:29.397,22:48:29.737,340
731,22:48:31.62,22:48:31.442,380
732,22:48:32.723,22:48:33.061,338
733,22:48:34.485,22:48:34.867,382
734,22:48:36.119,22:48:36.461,342
735,22:48:37.849,22:48:38.225,376
736,22:48:39.690,22:48:40.042,352
737,22:48:41.413,22:48:41.795,382
738,22:48:43.247,22:48:43.595,348
739,22:48:44.814,22:48:45.194,380
740,22:48:46.457,22:48:46.806,349
741,22:48:48.221,22:48:48.616,395
742,22:48:49.928,22:48:50.275,347
743,22:48:51.937,22:48:52.322,385
744,22:48:53.521,22:48:53.866,345
745,22:48:55.255,22:48:55.637,382
746,22:48:57.147,22:48:57.505,358
747,22:48:58.837,22:48:59.216,379
748,22:49:00.753,22:49:01.093,340
749,22:49:02.421,22:49:02.796,375
750,22:49:04.175,22:49:04.536,361
751,22:49:06.15,22:49:06.400,385
752,22:49:07.748,22:49:08.094,346
753,22:49:09.536,22:49:09.922,386
754,22:49:11.229,22:49:11.583,354
755,22:49:12.974,22:49:13.357,383
756,22:49:15.30,22:49:15.372,342
757,22:49:16.979,22:49:17.366,387
758,22:49:18.611,22:49:18.953,342
759,22:49:20.566,22:49:20.943,377
760,22:49:22.193,22:49:22.540,347
761,22:49:23.831,22:49:24.222,391
762,22:49:25.451,22:49:25.800,349
763,22:49:27.204,22:49:27.586,382
764,22:49:28.848,22:49:29.201,353
765,22:49:30.724,22:49:31.108,384
766,22:49:32.333,22:49:32.678,345
767,22:49:33.967,22:49:34.354,387
768,22:49:35.982,22:49:36.326,344
769,22:49:37.344,22:49:37.729,385
770,22:49:39.25,22:49:39.372,347
771,22:49:40.836,22:49:41.215,379
772,22:49:42.440,22:49:42.780,340
773,22:49:44.110,22:49:44.488,378
774,22:49:45.868,22:49:46.212,344
775,22:49:47.547,22:49:47.924,377
776,22:49:49.132,22:49:49.479,347
777,22:49:50.793,22:49:51.173,380
778,22:49:52.470,22:49:52.830,360
779,22:49:54.235,22:49:54.614,379
780,22:49:56.126,22:49:56.455,329
781,22:49:57.819,22:49:58.197,378
782,22:49:59.564,22:49:59.906,342
783,22:50:01.252,22:50:01.631,379
784,22:50:03.43,22:50:03.385,342
785,22:50:04.890,22:50:05.269,379
786,22:50:06.632,22:50:06.976,344
787,22:50:08.241,22:50:08.622,381
788,22:50:10.121,22:50:10.471,350
789,22:50:11.781,22:50:12.163,382
790,22:50:13.567,22:50:13.926,359
791,22:50:15.344,22:50:15.727,383
792,22:50:17.77,22:50:17.419,342
793,22:50:18.979,22:50:19.362,383
794,22:50:20.651,22:50:20.996,345
795,22:50:22.296,22:50:22.680,384
796,22:50:24.10,22:50:24.354,344
797,22:50:25.692,22:50:26.071,379
798,22:50:27.296,22:50:27.635,339
799,22:50:29.61,22:50:29.438,377
800,22:50:30.721,22:50:31.067,346
801,22:50:32.437,22:50:32.811,374
802,22:50:34.121,22:50:34.465,344
803,22:50:35.823,22:50:36.210,387
804,22:50:37.661,22:50:38.011,350
805,22:50:39.399,22:50:39.789,390
806,22:50:41.139,22:50:41.490,351
807,22:50:42.809,22:50:43.177,368
808,22:50:44.575,22:50:44.932,357
809,22:50:46.373,22:50:46.775,402
810,22:50:48.103,22:50:48.452,349
811,22:50:49.855,22:50:50.239,384
812,22:50:51.672,22:50:52.016,344
813,22:50:53.187,22:50:53.568,381
814,22:50:54.857,22:50:55.207,350
815,22:50:56.597,22:50:56.992,395
816,22:50:58.379,22:50:58.714,335
817,22:51:00.186,22:51:00.575,389
818,22:51:02.24,22:51:02.366,342
819,22:51:03.641,22:51:04.015,374
820,22:51:05.379,22:51:05.714,335
821,22:51:07.203,22:51:07.586,383
822,22:51:08.794,22:51:09.138,344
823,22:51:10.708,22:51:11.095,387
824,22:51:12.256,22:51:12.607,351
825,22:51:13.903,22:51:14.281,378
826,22:51:15.822,22:51:16.167,345
827,22:51:17.491,22:51:17.872,381
828,22:51:19.230,22:51:19.597,367
829,22:51:20.981,22:51:21.363,382
830,22:51:22.628,22:51:22.973,345
831,22:51:24.253,22:51:24.631,378
832,22:51:26.101,22:51:26.447,346
833,22:51:27.831,22:51:28.212,381
834,22:51:29.744,22:51:30.091,347
835,22:51:31.344,22:51:31.726,382
836,22:51:33.51,22:51:33.390,339
837,22:51:35.0,22:51:35.386,386
838,22:51:36.643,22:51:36.987,344
839,22:51:38.317,22:51:38.693,376
840,22:51:39.980,22:51:40.329,349
841,22:51:41.777,22:51:42.172,395
842,22:51:43.564,22:51:43.909,345
843,22:51:45.280,22:51:45.666,386
844,22:51:46.963,22:51:47.306,343
845,22:51:48.739,22:51:49.119,380
846,22:51:50.563,22:51:50.916,353
847,22:51:52.352,22:51:52.731,379
848,22:51:54.57,22:51:54.401,344
849,22:51:55.787,22:51:56.175,388
850,22:51:57.514,22:51:57.866,352
851,22:51:59.77,22:51:59.460,383
852,22:52:00.920,22:52:01.282,362
853,22:52:02.649,22:52:03.030,381
854,22:52:04.296,22:52:04.643,347
855,22:52:06.86,22:52:06.485,399
856,22:52:07.691,22:52:08.037,346
857,22:52:09.617,22:52:10.007,390
858,22:52:11.323,22:52:11.656,333
859,22:52:13.20,22:52:13.414,394
860,22:52:14.892,22:52:15.233,341
861,22:52:16.444,22:52:16.825,381
862,22:52:18.115,22:52:18.455,340
863,22:52:19.847,22:52:20.231,384
864,22:52:21.604,22:52:21.949,345
865,22:52:23.437,22:52:23.819,382
866,22:52:25.59,22:52:25.406,347
867,22:52:26.787,22:52:27.166,379
868,22:52:28.452,22:52:28.796,344
869,22:52:30.295,22:52:30.686,391
870,22:52:31.847,22:52:32.189,342
