Job Index,Start Time (ms),End Time,Duration (ms),
1,22:27:25.612,22:27:26.611,999,114503.669224468
2,22:27:26.614,22:27:27.201,587,5419.32899458317
3,22:27:27.202,22:27:27.833,631,877.112902629145
4,22:27:27.835,22:27:28.477,642,346.558879640639
5,22:27:28.479,22:27:29.105,626,1198.27382216937
6,22:27:29.106,22:27:29.698,592,4708.16807504294
7,22:27:29.700,22:27:30.306,606,2982.91750033029
8,22:27:30.317,22:27:30.947,630,937.34508653719
9,22:27:30.949,22:27:31.567,618,1816.13129343374
10,22:27:31.568,22:27:32.197,629,999.577270445236
11,22:27:32.680,22:27:33.267,587,5419.32899458317
12,22:27:34.384,22:27:34.997,613,2267.29221297397
13,22:27:36.206,22:27:36.823,617,1902.36347734179
14,22:27:37.777,22:27:38.381,604,3205.38186814639
15,22:27:39.550,22:27:40.161,611,2461.75658079006
16,22:27:41.417,22:27:42.047,630,937.34508653719
17,22:27:43.18,22:27:43.644,626,1198.27382216937
18,22:27:44.926,22:27:45.538,612,2363.52439688202
19,22:27:46.556,22:27:47.173,617,1902.36347734179
20,22:27:48.282,22:27:48.902,620,1649.66692561765
21,22:27:49.962,22:27:50.577,615,2080.82784515788
22,22:27:51.826,22:27:52.448,622,1491.20255780156
23,22:27:53.358,22:27:53.973,615,2080.82784515788
24,22:27:55.121,22:27:55.747,626,1198.27382216937
25,22:27:56.814,22:27:57.433,619,1731.8991095257
26,22:27:58.449,22:27:59.063,614,2173.06002906593
27,22:28:00.52,22:28:00.661,609,2664.22094860616
28,22:28:01.820,22:28:02.418,598,3920.77497159466
29,22:28:03.544,22:28:04.164,620,1649.66692561765
30,22:28:05.417,22:28:06.030,613,2267.29221297397
31,22:28:07.222,22:28:07.842,620,1649.66692561765
32,22:28:08.866,22:28:09.478,612,2363.52439688202
33,22:28:10.660,22:28:11.266,606,2982.91750033029
34,22:28:12.263,22:28:12.876,613,2267.29221297397
35,22:28:14.260,22:28:14.872,612,2363.52439688202
36,22:28:15.919,22:28:16.534,615,2080.82784515788
37,22:28:17.588,22:28:18.193,605,3093.14968423834
38,22:28:19.412,22:28:20.031,619,1731.8991095257
39,22:28:21.62,22:28:21.676,614,2173.06002906593
40,22:28:22.902,22:28:23.509,607,2874.68531642225
41,22:28:24.528,22:28:25.150,622,1491.20255780156
42,22:28:26.127,22:28:26.742,615,2080.82784515788
43,22:28:27.909,22:28:28.521,612,2363.52439688202
44,22:28:29.622,22:28:30.214,592,4708.16807504294
45,22:28:31.375,22:28:31.995,620,1649.66692561765
46,22:28:33.129,22:28:33.750,621,1569.4347417096
47,22:28:34.845,22:28:35.455,610,2561.98876469811
48,22:28:36.481,22:28:37.090,609,2664.22094860616
49,22:28:38.358,22:28:38.969,611,2461.75658079006
50,22:28:39.934,22:28:40.544,610,2561.98876469811
51,22:28:41.602,22:28:42.210,608,2768.4531325142
52,22:28:43.384,22:28:43.996,612,2363.52439688202
53,22:28:44.957,22:28:45.561,604,3205.38186814639
54,22:28:46.697,22:28:47.310,613,2267.29221297397
55,22:28:48.383,22:28:49.012,629,999.577270445236
56,22:28:50.270,22:28:50.883,613,2267.29221297397
57,22:28:51.977,22:28:52.587,610,2561.98876469811
58,22:28:53.679,22:28:54.478,799,19150.1060060774
59,22:28:55.493,22:28:56.091,598,3920.77497159466
60,22:28:57.206,22:28:58.523,1317,430839.83474171
61,22:28:59.130,22:29:00.818,1688,1055517.69451182
62,22:29:00.870,22:29:01.941,1071,168414.951983089
63,22:29:02.622,22:29:03.274,652,74.2370405601795
64,22:29:04.254,22:29:04.869,615,2080.82784515788
65,22:29:05.995,22:29:06.582,587,5419.32899458317
66,22:29:07.827,22:29:08.535,708,2245.23474170961
67,22:29:09.704,22:29:10.320,616,1990.59566124983
68,22:29:11.369,22:29:12.000,631,877.112902629145
69,22:29:13.171,22:29:13.796,625,1268.50600607742
70,22:29:14.991,22:29:15.597,606,2982.91750033029
71,22:29:16.651,22:29:17.274,623,1414.97037389351
72,22:29:18.492,22:29:19.098,606,2982.91750033029
73,22:29:20.345,22:29:20.937,592,4708.16807504294
74,22:29:22.96,22:29:22.723,627,1130.04163826133
75,22:29:23.837,22:29:24.446,609,2664.22094860616
76,22:29:25.564,22:29:26.186,622,1491.20255780156
77,22:29:27.259,22:29:27.845,586,5567.56117849121
78,22:29:28.998,22:29:29.617,619,1731.8991095257
79,22:29:30.805,22:29:31.414,609,2664.22094860616
80,22:29:32.667,22:29:33.225,558,10530.0623279165
81,22:29:34.343,22:29:34.864,521,19492.6531325142
82,22:29:35.969,22:29:36.254,285,141087.448534813
83,22:29:37.832,22:29:38.167,335,106025.839339411
84,22:29:39.470,22:29:39.821,351,95862.124396882
85,22:29:41.446,22:29:41.767,321,115339.089914123
86,22:29:43.666,22:29:43.996,330,109307.000258951
87,22:29:45.514,22:29:45.895,381,78185.1588796406
88,22:29:47.300,22:29:47.625,325,112638.161178491
89,22:29:48.906,22:29:49.243,337,104727.374971595
90,22:29:50.737,22:29:51.130,393,71618.3726727441
91,22:29:52.513,22:29:52.872,359,90972.2669256177
92,22:29:54.453,22:29:54.777,324,113310.393362399
93,22:29:55.947,22:29:56.299,352,95243.892212974
94,22:29:57.670,22:29:58.021,351,95862.124396882
95,22:29:59.623,22:30:00.518,895,54935.816350905
96,22:30:01.381,22:30:02.751,1370,503225.528994583
97,22:30:03.11,22:30:04.144,1133,223146.55658079
98,22:30:05.313,22:30:07.667,2354,2867549.06002907
99,22:30:07.668,22:30:09.758,2090,2043138.35658079
100,22:30:09.764,22:30:10.858,1094,187821.611753204
101,22:30:10.881,22:30:11.781,900,57304.6554313648
102,22:30:12.609,22:30:13.399,790,16740.1956612498
103,22:30:14.318,22:30:15.033,715,2957.60945435328
104,22:30:16.204,22:30:16.903,699,1473.32439688202
105,22:30:17.902,22:30:18.520,618,1816.13129343374
106,22:30:19.632,22:30:20.256,624,1340.73818998547
107,22:30:21.218,22:30:21.844,626,1198.27382216937
108,22:30:22.918,22:30:23.529,611,2461.75658079006
109,22:30:24.745,22:30:25.353,608,2768.4531325142
110,22:30:26.497,22:30:27.160,663,5.68301757167399
111,22:30:28.87,22:30:28.761,674,179.128994583169
112,22:30:29.784,22:30:30.518,734,5385.19796010041
113,22:30:31.671,22:30:32.301,630,937.34508653719
114,22:30:33.611,22:30:34.217,606,2982.91750033029
115,22:30:35.278,22:30:35.898,620,1649.66692561765
116,22:30:37.89,22:30:37.717,628,1063.80945435328
117,22:30:38.670,22:30:39.284,614,2173.06002906593
118,22:30:40.378,22:30:40.986,608,2768.4531325142
119,22:30:42.85,22:30:42.696,611,2461.75658079006
120,22:30:43.732,22:30:44.388,656,21.3083049279957
121,22:30:45.382,22:30:46.004,622,1491.20255780156
122,22:30:47.100,22:30:47.729,629,999.577270445236
123,22:30:48.713,22:30:49.338,625,1268.50600607742
124,22:30:50.552,22:30:51.168,616,1990.59566124983
125,22:30:52.198,22:30:52.824,626,1198.27382216937
126,22:30:53.947,22:30:54.571,624,1340.73818998547
127,22:30:55.570,22:30:56.184,614,2173.06002906593
128,22:30:57.274,22:30:57.895,621,1569.4347417096
129,22:30:58.864,22:30:59.478,614,2173.06002906593
130,22:31:00.694,22:31:01.304,610,2561.98876469811
131,22:31:02.562,22:31:03.173,611,2461.75658079006
132,22:31:04.272,22:31:04.895,623,1414.97037389351
133,22:31:05.848,22:31:06.436,588,5273.09681067512
134,22:31:07.556,22:31:08.164,608,2768.4531325142
135,22:31:09.244,22:31:09.866,622,1491.20255780156
136,22:31:11.212,22:31:11.842,630,937.34508653719
137,22:31:12.776,22:31:13.400,624,1340.73818998547
138,22:31:14.483,22:31:15.093,610,2561.98876469811
139,22:31:16.260,22:31:16.868,608,2768.4531325142
140,22:31:18.6,22:31:18.627,621,1569.4347417096
141,22:31:19.586,22:31:20.202,616,1990.59566124983
142,22:31:21.385,22:31:22.014,629,999.577270445236
143,22:31:23.35,22:31:23.657,622,1491.20255780156
144,22:31:24.756,22:31:25.372,616,1990.59566124983
145,22:31:26.607,22:31:27.314,707,2151.46692561765
146,22:31:28.228,22:31:28.839,611,2461.75658079006
147,22:31:30.101,22:31:30.724,623,1414.97037389351
148,22:31:31.764,22:31:32.390,626,1198.27382216937
149,22:31:33.597,22:31:34.197,600,3674.31060377857
150,22:31:35.397,22:31:36.019,622,1491.20255780156
151,22:31:37.334,22:31:37.960,626,1198.27382216937
152,22:31:38.949,22:31:39.572,623,1414.97037389351
153,22:31:40.769,22:31:41.399,630,937.34508653719
154,22:31:42.466,22:31:43.085,619,1731.8991095257
155,22:31:44.231,22:31:44.853,622,1491.20255780156
156,22:31:46.61,22:31:46.686,625,1268.50600607742
157,22:31:47.797,22:31:48.414,617,1902.36347734179
158,22:31:49.431,22:31:50.054,623,1414.97037389351
159,22:31:51.330,22:31:51.945,615,2080.82784515788
160,22:31:53.36,22:31:53.660,624,1340.73818998547
161,22:31:54.751,22:31:55.375,624,1340.73818998547
162,22:31:56.490,22:31:57.100,610,2561.98876469811
163,22:31:58.234,22:31:58.853,619,1731.8991095257
164,22:31:59.985,22:32:00.616,631,877.112902629145
165,22:32:01.893,22:32:02.515,622,1491.20255780156
166,22:32:03.566,22:32:04.175,609,2664.22094860616
167,22:32:05.201,22:32:05.798,597,4047.00715550271
168,22:32:07.333,22:32:07.948,615,2080.82784515788
169,22:32:09.4,22:32:09.618,614,2173.06002906593
170,22:32:10.733,22:32:11.360,627,1130.04163826133
171,22:32:12.367,22:32:12.986,619,1731.8991095257
172,22:32:14.20,22:32:14.651,631,877.112902629145
173,22:32:16.66,22:32:16.694,628,1063.80945435328
174,22:32:17.800,22:32:18.426,626,1198.27382216937
175,22:32:19.537,22:32:20.146,609,2664.22094860616
176,22:32:21.299,22:32:21.930,631,877.112902629145
177,22:32:23.119,22:32:23.744,625,1268.50600607742
178,22:32:24.760,22:32:25.400,640,425.023247456731
179,22:32:26.498,22:32:27.121,623,1414.97037389351
180,22:32:28.236,22:32:28.862,626,1198.27382216937
181,22:32:30.86,22:32:30.702,616,1990.59566124983
182,22:32:31.721,22:32:32.352,631,877.112902629145
183,22:32:33.438,22:32:34.043,605,3093.14968423834
184,22:32:35.210,22:32:35.826,616,1990.59566124983
185,22:32:36.844,22:32:37.478,634,708.416350905007
186,22:32:38.683,22:32:39.306,623,1414.97037389351
187,22:32:40.642,22:32:41.286,644,276.094511824547
188,22:32:42.189,22:32:42.813,624,1340.73818998547
189,22:32:44.51,22:32:44.675,624,1340.73818998547
190,22:32:45.747,22:32:46.370,623,1414.97037389351
191,22:32:47.546,22:32:48.159,613,2267.29221297397
192,22:32:49.424,22:32:50.058,634,708.416350905007
193,22:32:51.329,22:32:51.959,630,937.34508653719
194,22:32:53.229,22:32:53.856,627,1130.04163826133
195,22:32:54.982,22:32:55.602,620,1649.66692561765
196,22:32:56.715,22:32:57.340,625,1268.50600607742
197,22:32:58.450,22:32:59.076,626,1198.27382216937
198,22:33:00.220,22:33:00.839,619,1731.8991095257
199,22:33:02.29,22:33:02.633,604,3205.38186814639
200,22:33:03.811,22:33:04.419,608,2768.4531325142
201,22:33:05.633,22:33:06.003,370,84457.7129026291
202,22:33:07.598,22:33:07.918,320,116019.322098031
203,22:33:09.356,22:33:09.675,319,116701.554281939
204,22:33:11.238,22:33:11.578,340,102794.678419871
205,22:33:13.80,22:33:13.402,322,114660.857730215
206,22:33:14.820,22:33:15.148,328,110633.464626767
207,22:33:16.538,22:33:16.816,278,146395.073822169
208,22:33:18.575,22:33:18.898,323,113984.625546307
209,22:33:20.429,22:33:20.737,308,124338.108304928
210,22:33:22.171,22:33:22.509,338,104081.142787687
211,22:33:24.0,22:33:24.282,282,143350.145086537
212,22:33:25.876,22:33:26.209,333,107332.303707227
213,22:33:27.677,22:33:28.015,338,104081.142787687
214,22:33:30.756,22:33:31.099,343,100879.981868146
215,22:33:31.809,22:33:32.133,324,113310.393362399
216,22:33:33.936,22:33:34.562,626,1198.27382216937
217,22:33:35.277,22:33:35.879,602,3435.84623596248
218,22:33:37.58,22:33:37.666,608,2768.4531325142
219,22:33:38.828,22:33:39.402,574,7502.34738538776
220,22:33:40.600,22:33:41.197,597,4047.00715550271
221,22:33:42.363,22:33:42.984,621,1569.4347417096
222,22:33:44.117,22:33:44.736,619,1731.8991095257
223,22:33:45.894,22:33:46.522,628,1063.80945435328
224,22:33:47.626,22:33:48.240,614,2173.06002906593
225,22:33:49.230,22:33:49.864,634,708.416350905007
226,22:33:51.144,22:33:51.765,621,1569.4347417096
227,22:33:52.833,22:33:53.448,615,2080.82784515788
228,22:33:54.405,22:33:55.026,621,1569.4347417096
229,22:33:56.57,22:33:56.675,618,1816.13129343374
230,22:33:57.948,22:33:58.548,600,3674.31060377857
231,22:33:59.655,22:34:00.280,625,1268.50600607742
232,22:34:01.304,22:34:01.890,586,5567.56117849121
233,22:34:03.166,22:34:03.813,647,185.397960100409
234,22:34:04.954,22:34:05.528,574,7502.34738538776
235,22:34:06.785,22:34:07.396,611,2461.75658079006
236,22:34:08.506,22:34:09.122,616,1990.59566124983
237,22:34:10.177,22:34:10.785,608,2768.4531325142
238,22:34:12.0,22:34:12.601,601,3554.07841987052
239,22:34:13.589,22:34:14.205,616,1990.59566124983
240,22:34:15.417,22:34:16.040,623,1414.97037389351
241,22:34:17.11,22:34:17.649,638,511.487615272823
242,22:34:19.5,22:34:19.641,636,605.951983088915
243,22:34:20.689,22:34:21.310,621,1569.4347417096
244,22:34:22.428,22:34:23.053,625,1268.50600607742
245,22:34:24.44,22:34:24.669,625,1268.50600607742
246,22:34:25.802,22:34:26.424,622,1491.20255780156
247,22:34:27.347,22:34:27.964,617,1902.36347734179
248,22:34:29.74,22:34:29.692,618,1816.13129343374
249,22:34:30.732,22:34:31.357,625,1268.50600607742
250,22:34:32.398,22:34:33.031,633,762.648534813053
251,22:34:34.209,22:34:34.822,613,2267.29221297397
252,22:34:35.712,22:34:36.317,605,3093.14968423834
253,22:34:37.370,22:34:37.981,611,2461.75658079006
254,22:34:39.207,22:34:39.833,626,1198.27382216937
255,22:34:40.848,22:34:41.480,632,818.880718721099
256,22:34:42.596,22:34:43.221,625,1268.50600607742
257,22:34:44.204,22:34:44.849,645,243.862327916501
258,22:34:45.971,22:34:46.595,624,1340.73818998547
259,22:34:47.613,22:34:48.244,631,877.112902629145
260,22:34:49.473,22:34:50.089,616,1990.59566124983
261,22:34:51.154,22:34:51.776,622,1491.20255780156
262,22:34:52.788,22:34:53.409,621,1569.4347417096
263,22:34:54.500,22:34:55.128,628,1063.80945435328
264,22:34:56.417,22:34:57.036,619,1731.8991095257
265,22:34:58.33,22:34:58.878,845,33997.4255463073
266,22:34:59.721,22:35:01.359,1638,955279.303707227
267,22:35:01.424,22:35:02.616,1192,282368.857730215
268,22:35:03.261,22:35:04.359,1098,191304.683017572
269,22:35:05.9,22:35:06.369,1360,489137.850833664
270,22:35:06.757,22:35:07.999,1242,338007.248534813
271,22:35:08.603,22:35:09.827,1224,317401.427845158
272,22:35:10.351,22:35:11.225,874,45532.692212974
273,22:35:12.289,22:35:14.048,1759,1206447.20945435
274,22:35:14.161,22:35:15.221,1060,159507.506006077
275,22:35:15.865,22:35:16.972,1107,199258.593362399
276,22:35:17.859,22:35:19.018,1159,248386.519799181
277,22:35:19.579,22:35:21.054,1475,663221.149684238
278,22:35:21.252,22:35:22.181,929,72029.9220980315
279,22:35:23.74,22:35:23.951,877,46821.9956612498
280,22:35:24.919,22:35:25.762,843,33263.8899141234
281,22:35:26.729,22:35:27.343,614,2173.06002906593
282,22:35:28.372,22:35:29.029,657,13.0761210199497
283,22:35:30.101,22:35:30.714,613,2267.29221297397
284,22:35:31.740,22:35:32.365,625,1268.50600607742
285,22:35:33.559,22:35:34.178,619,1731.8991095257
286,22:35:35.233,22:35:35.878,645,243.862327916501
287,22:35:36.966,22:35:37.580,614,2173.06002906593
288,22:35:38.856,22:35:39.469,613,2267.29221297397
289,22:35:40.653,22:35:41.308,655,31.5404888360416
290,22:35:42.507,22:35:43.127,620,1649.66692561765
291,22:35:44.379,22:35:45.001,622,1491.20255780156
292,22:35:46.159,22:35:46.767,608,2768.4531325142
293,22:35:48.122,22:35:49.080,958,88437.1887646981
294,22:35:49.978,22:35:50.958,980,102006.080718721
295,22:35:51.864,22:35:53.247,1383,521838.510603779
296,22:35:53.713,22:35:54.330,617,1902.36347734179
297,22:35:55.584,22:35:56.621,1037,141664.846235963
298,22:35:57.458,22:35:58.584,1126,216582.181868146
299,22:35:59.235,22:36:00.452,1217,309563.053132514
300,22:36:01.51,22:36:02.026,975,98837.2416382613
301,22:36:02.602,22:36:03.596,994,111144.830144008
302,22:36:04.614,22:36:05.602,988,107180.223247457
303,22:36:06.250,22:36:06.866,616,1990.59566124983
304,22:36:07.963,22:36:08.664,701,1630.86002906593
305,22:36:09.736,22:36:10.347,611,2461.75658079006
306,22:36:11.330,22:36:11.934,604,3205.38186814639
307,22:36:13.80,22:36:13.699,619,1731.8991095257
308,22:36:14.854,22:36:15.475,621,1569.4347417096
309,22:36:16.706,22:36:17.322,616,1990.59566124983
310,22:36:18.344,22:36:18.959,615,2080.82784515788
311,22:36:20.30,22:36:20.666,636,605.951983088915
312,22:36:21.926,22:36:22.552,626,1198.27382216937
313,22:36:23.565,22:36:24.178,613,2267.29221297397
314,22:36:25.208,22:36:25.818,610,2561.98876469811
315,22:36:26.933,22:36:27.550,617,1902.36347734179
316,22:36:28.614,22:36:29.239,625,1268.50600607742
317,22:36:30.217,22:36:30.839,622,1491.20255780156
318,22:36:31.963,22:36:32.578,615,2080.82784515788
319,22:36:33.904,22:36:34.518,614,2173.06002906593
320,22:36:35.470,22:36:36.086,616,1990.59566124983
321,22:36:37.291,22:36:37.888,597,4047.00715550271
322,22:36:38.918,22:36:39.543,625,1268.50600607742
323,22:36:40.525,22:36:41.142,617,1902.36347734179
324,22:36:42.165,22:36:42.772,607,2874.68531642225
325,22:36:43.965,22:36:44.574,609,2664.22094860616
326,22:36:45.546,22:36:46.160,614,2173.06002906593
327,22:36:47.325,22:36:47.944,619,1731.8991095257
328,22:36:49.103,22:36:49.716,613,2267.29221297397
329,22:36:50.742,22:36:51.358,616,1990.59566124983
330,22:36:52.543,22:36:53.166,623,1414.97037389351
331,22:36:54.401,22:36:55.024,623,1414.97037389351
332,22:36:56.122,22:36:56.744,622,1491.20255780156
333,22:36:57.842,22:36:58.453,611,2461.75658079006
334,22:36:59.471,22:37:00.092,621,1569.4347417096
335,22:37:01.249,22:37:01.964,715,2957.60945435328
336,22:37:03.178,22:37:03.774,596,4175.23933941075
337,22:37:04.905,22:37:05.526,621,1569.4347417096
338,22:37:06.670,22:37:07.292,622,1491.20255780156
339,22:37:08.296,22:37:08.913,617,1902.36347734179
340,22:37:10.57,22:37:10.637,580,6498.95428193949
341,22:37:11.676,22:37:12.295,619,1731.8991095257
342,22:37:13.431,22:37:14.132,701,1630.86002906593
343,22:37:15.122,22:37:15.882,760,9877.16117849122
344,22:37:16.862,22:37:17.468,606,2982.91750033029
345,22:37:18.533,22:37:19.153,620,1649.66692561765
346,22:37:20.313,22:37:20.944,631,877.112902629145
347,22:37:21.951,22:37:22.556,605,3093.14968423834
348,22:37:23.905,22:37:24.525,620,1649.66692561765
349,22:37:25.578,22:37:26.194,616,1990.59566124983
350,22:37:27.354,22:37:27.962,608,2768.4531325142
351,22:37:29.266,22:37:29.891,625,1268.50600607742
352,22:37:30.795,22:37:31.400,605,3093.14968423834
353,22:37:32.477,22:37:33.093,616,1990.59566124983
354,22:37:34.242,22:37:34.860,618,1816.13129343374
355,22:37:35.950,22:37:36.569,619,1731.8991095257
356,22:37:37.684,22:37:38.300,616,1990.59566124983
357,22:37:39.440,22:37:40.058,618,1816.13129343374
358,22:37:41.317,22:37:41.941,624,1340.73818998547
359,22:37:43.247,22:37:43.859,612,2363.52439688202
360,22:37:44.970,22:37:45.600,630,937.34508653719
361,22:37:46.704,22:37:47.319,615,2080.82784515788
362,22:37:48.457,22:37:49.076,619,1731.8991095257
363,22:37:50.223,22:37:50.843,620,1649.66692561765
364,22:37:51.953,22:37:52.578,625,1268.50600607742
365,22:37:53.689,22:37:54.320,631,877.112902629145
366,22:37:55.533,22:37:56.143,610,2561.98876469811
367,22:37:57.155,22:37:57.786,631,877.112902629145
368,22:37:58.888,22:37:59.503,615,2080.82784515788
369,22:38:00.743,22:38:01.363,620,1649.66692561765
370,22:38:02.378,22:38:02.986,608,2768.4531325142
371,22:38:04.133,22:38:04.753,620,1649.66692561765
372,22:38:05.860,22:38:06.471,611,2461.75658079006
373,22:38:07.596,22:38:08.211,615,2080.82784515788
374,22:38:09.338,22:38:09.962,624,1340.73818998547
375,22:38:11.138,22:38:11.752,614,2173.06002906593
376,22:38:12.931,22:38:13.557,626,1198.27382216937
377,22:38:14.572,22:38:15.185,613,2267.29221297397
378,22:38:16.335,22:38:16.948,613,2267.29221297397
379,22:38:18.39,22:38:18.667,628,1063.80945435328
380,22:38:19.700,22:38:20.320,620,1649.66692561765
381,22:38:21.523,22:38:22.106,583,6024.25773021535
382,22:38:23.294,22:38:23.904,610,2561.98876469811
383,22:38:24.909,22:38:25.519,610,2561.98876469811
384,22:38:26.717,22:38:27.319,602,3435.84623596248
385,22:38:28.357,22:38:28.977,620,1649.66692561765
386,22:38:30.140,22:38:30.757,617,1902.36347734179
387,22:38:31.866,22:38:32.480,614,2173.06002906593
388,22:38:33.613,22:38:34.227,614,2173.06002906593
389,22:38:35.354,22:38:35.972,618,1816.13129343374
390,22:38:37.177,22:38:37.858,681,415.503707226847
391,22:38:38.768,22:38:39.336,568,8577.74048883604
392,22:38:40.493,22:38:41.095,602,3435.84623596248
393,22:38:42.219,22:38:42.831,612,2363.52439688202
394,22:38:43.962,22:38:44.631,669,70.2899141233983
395,22:38:45.696,22:38:46.317,621,1569.4347417096
396,22:38:47.435,22:38:48.057,622,1491.20255780156
397,22:38:49.173,22:38:49.800,627,1130.04163826133
398,22:38:50.962,22:38:51.590,628,1063.80945435328
399,22:38:52.655,22:38:53.286,631,877.112902629145
400,22:38:54.393,22:38:55.013,620,1649.66692561765
401,22:38:56.217,22:38:56.828,611,2461.75658079006
402,22:38:57.822,22:38:58.440,618,1816.13129343374
403,22:38:59.509,22:39:00.127,618,1816.13129343374
404,22:39:01.279,22:39:01.896,617,1902.36347734179
405,22:39:03.5,22:39:03.597,592,4708.16807504294
406,22:39:04.730,22:39:05.353,623,1414.97037389351
407,22:39:06.481,22:39:07.098,617,1902.36347734179
408,22:39:08.211,22:39:08.813,602,3435.84623596248
409,22:39:09.954,22:39:10.574,620,1649.66692561765
410,22:39:11.683,22:39:12.300,617,1902.36347734179
411,22:39:13.446,22:39:14.067,621,1569.4347417096
412,22:39:15.107,22:39:15.741,634,708.416350905007
413,22:39:16.814,22:39:17.433,619,1731.8991095257
414,22:39:18.577,22:39:19.194,617,1902.36347734179
415,22:39:20.202,22:39:20.814,612,2363.52439688202
416,22:39:21.839,22:39:22.460,621,1569.4347417096
417,22:39:23.594,22:39:24.217,623,1414.97037389351
418,22:39:25.324,22:39:25.939,615,2080.82784515788
419,22:39:27.254,22:39:27.860,606,2982.91750033029
420,22:39:28.908,22:39:29.527,619,1731.8991095257
421,22:39:30.541,22:39:31.164,623,1414.97037389351
422,22:39:32.284,22:39:32.899,615,2080.82784515788
423,22:39:34.50,22:39:34.647,597,4047.00715550271
424,22:39:35.765,22:39:36.391,626,1198.27382216937
425,22:39:37.407,22:39:38.028,621,1569.4347417096
426,22:39:39.257,22:39:39.881,624,1340.73818998547
427,22:39:40.886,22:39:41.506,620,1649.66692561765
428,22:39:42.602,22:39:43.204,602,3435.84623596248
429,22:39:44.276,22:39:44.897,621,1569.4347417096
430,22:39:46.19,22:39:46.665,646,213.630144008455
431,22:39:47.850,22:39:48.475,625,1268.50600607742
432,22:39:49.595,22:39:50.227,632,818.880718721099
433,22:39:51.325,22:39:51.942,617,1902.36347734179
434,22:39:53.23,22:39:53.644,621,1569.4347417096
435,22:39:54.808,22:39:55.420,612,2363.52439688202
436,22:39:56.557,22:39:57.183,626,1198.27382216937
437,22:39:58.286,22:39:58.895,609,2664.22094860616
438,22:39:59.933,22:40:00.556,623,1414.97037389351
439,22:40:01.666,22:40:02.245,579,6661.18646584753
440,22:40:03.417,22:40:04.048,631,877.112902629145
441,22:40:05.249,22:40:05.869,620,1649.66692561765
442,22:40:06.835,22:40:07.469,634,708.416350905007
443,22:40:08.673,22:40:09.288,615,2080.82784515788
444,22:40:10.482,22:40:11.099,617,1902.36347734179
445,22:40:12.429,22:40:13.048,619,1731.8991095257
446,22:40:14.277,22:40:14.901,624,1340.73818998547
447,22:40:15.914,22:40:16.533,619,1731.8991095257
448,22:40:17.643,22:40:18.269,626,1198.27382216937
449,22:40:19.288,22:40:19.908,620,1649.66692561765
450,22:40:21.26,22:40:21.647,621,1569.4347417096
451,22:40:22.663,22:40:23.281,618,1816.13129343374
452,22:40:24.297,22:40:24.903,606,2982.91750033029
453,22:40:26.40,22:40:26.658,618,1816.13129343374
454,22:40:27.862,22:40:28.473,611,2461.75658079006
455,22:40:29.541,22:40:30.162,621,1569.4347417096
456,22:40:31.285,22:40:31.912,627,1130.04163826133
457,22:40:32.998,22:40:33.631,633,762.648534813053
458,22:40:34.753,22:40:35.378,625,1268.50600607742
459,22:40:36.485,22:40:37.108,623,1414.97037389351
460,22:40:38.240,22:40:38.857,617,1902.36347734179
461,22:40:40.364,22:40:40.983,619,1731.8991095257
462,22:40:41.908,22:40:42.533,625,1268.50600607742
463,22:40:43.680,22:40:44.306,626,1198.27382216937
464,22:40:45.537,22:40:46.158,621,1569.4347417096
465,22:40:47.344,22:40:47.969,625,1268.50600607742
466,22:40:48.983,22:40:49.614,631,877.112902629145
467,22:40:50.722,22:40:51.347,625,1268.50600607742
468,22:40:52.359,22:40:52.984,625,1268.50600607742
469,22:40:54.100,22:40:54.726,626,1198.27382216937
470,22:40:55.840,22:40:56.471,631,877.112902629145
471,22:40:57.605,22:40:58.241,636,605.951983088915
472,22:40:59.331,22:40:59.932,601,3554.07841987052
473,22:41:00.956,22:41:01.587,631,877.112902629145
474,22:41:02.703,22:41:03.332,629,999.577270445236
475,22:41:04.443,22:41:05.064,621,1569.4347417096
476,22:41:06.341,22:41:06.966,625,1268.50600607742
477,22:41:08.121,22:41:08.741,620,1649.66692561765
478,22:41:09.881,22:41:10.499,618,1816.13129343374
479,22:41:12.158,22:41:12.781,623,1414.97037389351
480,22:41:13.751,22:41:14.383,632,818.880718721099
481,22:41:15.505,22:41:16.129,624,1340.73818998547
482,22:41:17.190,22:41:17.818,628,1063.80945435328
483,22:41:18.871,22:41:19.491,620,1649.66692561765
484,22:41:20.603,22:41:21.237,634,708.416350905007
485,22:41:22.336,22:41:22.959,623,1414.97037389351
486,22:41:24.107,22:41:24.737,630,937.34508653719
487,22:41:25.742,22:41:26.371,629,999.577270445236
488,22:41:27.481,22:41:28.105,624,1340.73818998547
489,22:41:29.167,22:41:30.588,1421,578183.687615273
490,22:41:31.30,22:41:32.301,1271,372568.51520148
491,22:41:32.653,22:41:33.777,1124,214724.646235962
492,22:41:34.456,22:41:35.530,1074,170886.255431365
493,22:41:36.183,22:41:37.448,1265,365279.908304928
494,22:41:37.940,22:41:39.293,1353,479395.47612102
495,22:41:39.820,22:41:40.778,958,88437.1887646981
496,22:41:41.513,22:41:42.340,827,27683.6048566521
497,22:41:43.242,22:41:44.049,807,21428.2485348131
498,22:41:44.991,22:41:45.616,625,1268.50600607742
499,22:41:46.690,22:41:47.314,624,1340.73818998547
500,22:41:48.602,22:41:49.222,620,1649.66692561765
501,22:41:50.165,22:41:50.799,634,708.416350905007
502,22:41:51.856,22:41:52.468,612,2363.52439688202
503,22:41:53.642,22:41:54.260,618,1816.13129343374
504,22:41:55.303,22:41:55.925,622,1491.20255780156
505,22:41:56.903,22:41:57.527,624,1340.73818998547
506,22:41:58.745,22:41:59.362,617,1902.36347734179
507,22:42:00.469,22:42:01.098,629,999.577270445236
508,22:42:02.5,22:42:02.618,613,2267.29221297397
509,22:42:03.731,22:42:04.346,615,2080.82784515788
510,22:42:05.378,22:42:06.002,624,1340.73818998547
511,22:42:06.990,22:42:07.605,615,2080.82784515788
512,22:42:08.643,22:42:09.261,618,1816.13129343374
513,22:42:10.548,22:42:11.165,617,1902.36347734179
514,22:42:12.131,22:42:12.752,621,1569.4347417096
515,22:42:13.735,22:42:14.364,629,999.577270445236
516,22:42:15.719,22:42:16.320,601,3554.07841987052
517,22:42:17.347,22:42:17.970,623,1414.97037389351
518,22:42:19.114,22:42:19.734,620,1649.66692561765
519,22:42:20.810,22:42:21.425,615,2080.82784515788
520,22:42:22.453,22:42:23.082,629,999.577270445236
521,22:42:24.191,22:42:24.812,621,1569.4347417096
522,22:42:25.835,22:42:26.457,622,1491.20255780156
523,22:42:27.543,22:42:28.176,633,762.648534813053
524,22:42:29.233,22:42:29.845,612,2363.52439688202
525,22:42:31.82,22:42:31.716,634,708.416350905007
526,22:42:32.673,22:42:33.296,623,1414.97037389351
527,22:42:34.474,22:42:35.091,617,1902.36347734179
528,22:42:36.527,22:42:37.155,628,1063.80945435328
529,22:42:38.46,22:42:38.668,622,1491.20255780156
530,22:42:40.83,22:42:40.724,641,384.791063548685
531,22:42:41.525,22:42:42.137,612,2363.52439688202
532,22:42:43.317,22:42:43.937,620,1649.66692561765
533,22:42:45.192,22:42:45.832,640,425.023247456731
534,22:42:46.602,22:42:47.214,612,2363.52439688202
535,22:42:48.403,22:42:49.025,622,1491.20255780156
536,22:42:50.108,22:42:50.687,579,6661.18646584753
537,22:42:51.867,22:42:52.495,628,1063.80945435328
538,22:42:53.543,22:42:54.167,624,1340.73818998547
539,22:42:55.239,22:42:55.865,626,1198.27382216937
540,22:42:56.849,22:42:57.452,603,3319.61405205443
541,22:42:58.667,22:42:59.304,637,557.719799180869
542,22:43:00.377,22:43:01.020,643,310.326695732593
543,22:43:01.959,22:43:02.586,627,1130.04163826133
544,22:43:03.804,22:43:04.423,619,1731.8991095257
545,22:43:05.382,22:43:06.001,619,1731.8991095257
546,22:43:07.132,22:43:07.760,628,1063.80945435328
547,22:43:08.759,22:43:09.375,616,1990.59566124983
548,22:43:10.430,22:43:11.041,611,2461.75658079006
549,22:43:12.348,22:43:12.986,638,511.487615272823
550,22:43:13.978,22:43:14.602,624,1340.73818998547
551,22:43:15.623,22:43:16.252,629,999.577270445236
552,22:43:17.258,22:43:17.879,621,1569.4347417096
553,22:43:18.998,22:43:19.617,619,1731.8991095257
554,22:43:20.767,22:43:21.406,639,467.255431364777
555,22:43:22.479,22:43:23.104,625,1268.50600607742
556,22:43:24.233,22:43:24.860,627,1130.04163826133
557,22:43:25.976,22:43:26.601,625,1268.50600607742
558,22:43:27.707,22:43:28.328,621,1569.4347417096
559,22:43:29.345,22:43:29.956,611,2461.75658079006
560,22:43:31.198,22:43:31.823,625,1268.50600607742
561,22:43:32.918,22:43:33.549,631,877.112902629145
562,22:43:34.660,22:43:35.264,604,3205.38186814639
563,22:43:36.416,22:43:37.037,621,1569.4347417096
564,22:43:38.254,22:43:38.881,627,1130.04163826133
565,22:43:40.99,22:43:40.718,619,1731.8991095257
566,22:43:41.717,22:43:42.344,627,1130.04163826133
567,22:43:43.470,22:43:44.109,639,467.255431364777
568,22:43:45.518,22:43:46.151,633,762.648534813053
569,22:43:47.562,22:43:48.200,638,511.487615272823
570,22:43:49.308,22:43:49.926,618,1816.13129343374
571,22:43:51.366,22:43:51.973,607,2874.68531642225
572,22:43:53.104,22:43:53.720,616,1990.59566124983
573,22:43:54.836,22:43:55.453,617,1902.36347734179
574,22:43:56.578,22:43:57.193,615,2080.82784515788
575,22:43:58.316,22:43:58.927,611,2461.75658079006
576,22:44:00.67,22:44:00.683,616,1990.59566124983
577,22:44:01.908,22:44:02.531,623,1414.97037389351
578,22:44:03.675,22:44:04.296,621,1569.4347417096
579,22:44:05.588,22:44:06.210,622,1491.20255780156
580,22:44:07.420,22:44:08.037,617,1902.36347734179
581,22:44:09.123,22:44:09.739,616,1990.59566124983
582,22:44:10.813,22:44:11.430,617,1902.36347734179
583,22:44:12.660,22:44:13.243,583,6024.25773021535
584,22:44:14.403,22:44:15.028,625,1268.50600607742
585,22:44:16.250,22:44:16.861,611,2461.75658079006
586,22:44:17.880,22:44:18.496,616,1990.59566124983
587,22:44:19.643,22:44:20.257,614,2173.06002906593
588,22:44:21.355,22:44:21.962,607,2874.68531642225
589,22:44:23.104,22:44:23.715,611,2461.75658079006
590,22:44:24.962,22:44:25.583,621,1569.4347417096
591,22:44:26.787,22:44:27.405,618,1816.13129343374
592,22:44:28.428,22:44:29.053,625,1268.50600607742
593,22:44:30.66,22:44:30.676,610,2561.98876469811
594,22:44:31.911,22:44:32.526,615,2080.82784515788
595,22:44:33.651,22:44:34.255,604,3205.38186814639
596,22:44:35.498,22:44:36.113,615,2080.82784515788
597,22:44:37.128,22:44:37.738,610,2561.98876469811
598,22:44:38.971,22:44:39.590,619,1731.8991095257
599,22:44:40.711,22:44:41.329,618,1816.13129343374
600,22:44:42.567,22:44:43.182,615,2080.82784515788
601,22:44:44.298,22:44:44.923,625,1268.50600607742
602,22:44:46.55,22:44:46.682,627,1130.04163826133
603,22:44:48.4,22:44:48.623,619,1731.8991095257
604,22:44:49.720,22:44:50.341,621,1569.4347417096
605,22:44:51.360,22:44:51.974,614,2173.06002906593
606,22:44:53.155,22:44:53.773,618,1816.13129343374
607,22:44:55.75,22:44:55.694,619,1731.8991095257
608,22:44:57.72,22:44:57.674,602,3435.84623596248
609,22:44:58.837,22:44:59.462,625,1268.50600607742
610,22:45:00.592,22:45:01.217,625,1268.50600607742
611,22:45:02.201,22:45:02.867,666,28.9864658475361
612,22:45:04.63,22:45:05.133,1070,167595.184166997
613,22:45:05.810,22:45:06.431,621,1569.4347417096
614,22:45:07.657,22:45:08.773,1116,207374.503707227
615,22:45:09.325,22:45:10.346,1021,129876.561178491
616,22:45:11.141,22:45:12.580,1439,605881.508304928
617,22:45:12.935,22:45:14.080,1145,234627.770373894
618,22:45:14.614,22:45:15.633,1019,128439.025546307
619,22:45:16.473,22:45:17.372,899,56826.8876152728
620,22:45:18.296,22:45:19.037,741,6461.57267274409
621,22:45:20.31,22:45:20.661,630,937.34508653719
622,22:45:21.675,22:45:22.285,610,2561.98876469811
623,22:45:23.412,22:45:24.020,608,2768.4531325142
624,22:45:25.149,22:45:25.761,612,2363.52439688202
625,22:45:26.897,22:45:27.547,650,112.701408376271
626,22:45:28.744,22:45:29.400,656,21.3083049279957
627,22:45:30.436,22:45:31.001,565,9142.43704056018
628,22:45:32.117,22:45:32.732,615,2080.82784515788
629,22:45:33.855,22:45:34.473,618,1816.13129343374
630,22:45:35.542,22:45:36.161,619,1731.8991095257
631,22:45:37.343,22:45:37.981,638,511.487615272823
632,22:45:39.123,22:45:39.736,613,2267.29221297397
633,22:45:40.910,22:45:41.507,597,4047.00715550271
634,22:45:42.458,22:45:43.071,613,2267.29221297397
635,22:45:44.197,22:45:44.827,630,937.34508653719
636,22:45:45.911,22:45:46.582,671,107.825546307306
637,22:45:47.683,22:45:48.375,692,984.949684238341
638,22:45:49.522,22:45:50.111,589,5128.86462676708
639,22:45:51.423,22:45:52.030,607,2874.68531642225
640,22:45:53.129,22:45:53.741,612,2363.52439688202
641,22:45:54.866,22:45:55.490,624,1340.73818998547
642,22:45:56.594,22:45:57.210,616,1990.59566124983
643,22:45:58.256,22:45:58.874,618,1816.13129343374
644,22:46:00.96,22:46:00.715,619,1731.8991095257
645,22:46:01.881,22:46:02.540,659,2.6117532038578
646,22:46:03.553,22:46:04.170,617,1902.36347734179
647,22:46:05.213,22:46:05.836,623,1414.97037389351
648,22:46:07.42,22:46:07.675,633,762.648534813053
649,22:46:08.697,22:46:09.353,656,21.3083049279957
650,22:46:10.348,22:46:10.974,626,1198.27382216937
651,22:46:12.37,22:46:12.667,630,937.34508653719
652,22:46:13.658,22:46:14.268,610,2561.98876469811
653,22:46:15.647,22:46:16.281,634,708.416350905007
654,22:46:17.384,22:46:18.005,621,1569.4347417096
655,22:46:19.129,22:46:19.771,642,346.558879640639
656,22:46:20.786,22:46:21.403,617,1902.36347734179
657,22:46:22.533,22:46:23.160,627,1130.04163826133
658,22:46:24.244,22:46:24.871,627,1130.04163826133
659,22:46:25.822,22:46:26.442,620,1649.66692561765
660,22:46:27.501,22:46:28.129,628,1063.80945435328
661,22:46:29.310,22:46:29.935,625,1268.50600607742
662,22:46:30.970,22:46:31.598,628,1063.80945435328
663,22:46:32.563,22:46:33.185,622,1491.20255780156
664,22:46:34.244,22:46:34.860,616,1990.59566124983
665,22:46:36.230,22:46:36.859,629,999.577270445236
666,22:46:37.853,22:46:38.480,627,1130.04163826133
667,22:46:39.600,22:46:40.220,620,1649.66692561765
668,22:46:41.235,22:46:41.885,650,112.701408376271
669,22:46:42.879,22:46:43.505,626,1198.27382216937
670,22:46:44.516,22:46:45.134,618,1816.13129343374
671,22:46:46.222,22:46:46.822,600,3674.31060377857
672,22:46:47.852,22:46:48.461,609,2664.22094860616
673,22:46:49.694,22:46:50.322,628,1063.80945435328
674,22:46:51.301,22:46:51.928,627,1130.04163826133
675,22:46:53.211,22:46:53.831,620,1649.66692561765
676,22:46:54.903,22:46:55.538,635,656.184166996961
677,22:46:56.638,22:46:57.264,626,1198.27382216937
678,22:46:58.284,22:46:58.909,625,1268.50600607742
679,22:46:59.989,22:47:00.626,637,557.719799180869
680,22:47:01.673,22:47:02.308,635,656.184166996961
681,22:47:03.321,22:47:03.946,625,1268.50600607742
682,22:47:05.49,22:47:05.683,634,708.416350905007
683,22:47:06.670,22:47:07.291,621,1569.4347417096
684,22:47:08.477,22:47:09.089,612,2363.52439688202
685,22:47:10.41,22:47:10.663,622,1491.20255780156
686,22:47:11.715,22:47:12.333,618,1816.13129343374
687,22:47:13.510,22:47:14.134,624,1340.73818998547
688,22:47:15.239,22:47:15.869,630,937.34508653719
689,22:47:16.823,22:47:17.456,633,762.648534813053
690,22:47:18.508,22:47:19.129,621,1569.4347417096
691,22:47:20.362,22:47:20.981,619,1731.8991095257
692,22:47:21.934,22:47:22.531,597,4047.00715550271
693,22:47:23.884,22:47:24.502,618,1816.13129343374
694,22:47:25.525,22:47:26.159,634,708.416350905007
695,22:47:27.152,22:47:27.775,623,1414.97037389351
696,22:47:28.863,22:47:29.479,616,1990.59566124983
697,22:47:30.806,22:47:31.432,626,1198.27382216937
698,22:47:32.542,22:47:33.157,615,2080.82784515788
699,22:47:34.494,22:47:35.120,626,1198.27382216937
700,22:47:36.272,22:47:36.896,624,1340.73818998547
701,22:47:37.911,22:47:38.530,619,1731.8991095257
702,22:47:39.575,22:47:40.198,623,1414.97037389351
703,22:47:41.397,22:47:42.014,617,1902.36347734179
704,22:47:43.27,22:47:43.639,612,2363.52439688202
705,22:47:45.30,22:47:45.648,618,1816.13129343374
706,22:47:46.707,22:47:47.339,632,818.880718721099
707,22:47:48.527,22:47:49.158,631,877.112902629145
708,22:47:50.313,22:47:50.940,627,1130.04163826133
709,22:47:51.994,22:47:52.611,617,1902.36347734179
710,22:47:53.741,22:47:54.375,634,708.416350905007
711,22:47:55.321,22:47:55.943,622,1491.20255780156
712,22:47:57.121,22:47:57.724,603,3319.61405205443
713,22:47:58.724,22:47:59.334,610,2561.98876469811
714,22:48:00.391,22:48:01.012,621,1569.4347417096
715,22:48:02.32,22:48:02.658,626,1198.27382216937
716,22:48:03.786,22:48:04.404,618,1816.13129343374
717,22:48:05.534,22:48:06.153,619,1731.8991095257
718,22:48:07.271,22:48:07.903,632,818.880718721099
719,22:48:08.961,22:48:09.597,636,605.951983088915
720,22:48:10.843,22:48:11.467,624,1340.73818998547
721,22:48:12.428,22:48:13.046,618,1816.13129343374
722,22:48:14.100,22:48:14.725,625,1268.50600607742
723,22:48:15.981,22:48:16.601,620,1649.66692561765
724,22:48:17.701,22:48:18.317,616,1990.59566124983
725,22:48:19.337,22:48:19.958,621,1569.4347417096
726,22:48:21.74,22:48:21.706,632,818.880718721099
727,22:48:22.815,22:48:23.433,618,1816.13129343374
728,22:48:24.666,22:48:25.293,627,1130.04163826133
729,22:48:26.371,22:48:26.981,610,2561.98876469811
730,22:48:28.167,22:48:28.784,617,1902.36347734179
731,22:48:29.908,22:48:30.540,632,818.880718721099
732,22:48:31.550,22:48:32.175,625,1268.50600607742
733,22:48:33.266,22:48:33.893,627,1130.04163826133
734,22:48:34.922,22:48:35.602,680,375.735891134893
735,22:48:36.631,22:48:37.253,622,1491.20255780156
736,22:48:38.349,22:48:38.974,625,1268.50600607742
737,22:48:40.185,22:48:40.804,619,1731.8991095257
738,22:48:41.967,22:48:42.586,619,1731.8991095257
739,22:48:43.577,22:48:44.196,619,1731.8991095257
740,22:48:45.267,22:48:45.883,616,1990.59566124983
741,22:48:46.950,22:48:47.581,631,877.112902629145
742,22:48:48.730,22:48:49.357,627,1130.04163826133
743,22:48:50.676,22:48:51.298,622,1491.20255780156
744,22:48:52.327,22:48:52.958,631,877.112902629145
745,22:48:54.46,22:48:54.656,610,2561.98876469811
746,22:48:55.908,22:48:56.466,558,10530.0623279165
747,22:48:57.623,22:48:58.203,580,6498.95428193949
748,22:48:59.581,22:49:00.188,607,2874.68531642225
749,22:49:01.192,22:49:01.844,652,74.2370405601795
750,22:49:02.919,22:49:03.639,720,3526.44853481305
751,22:49:04.752,22:49:05.834,1082,177564.3979601
752,22:49:06.464,22:49:07.933,1469,653484.542787687
753,22:49:08.190,22:49:09.179,989,107835.991063549
754,22:49:10.39,22:49:10.865,826,27351.8370405602
755,22:49:11.653,22:49:12.928,1275,377467.586465848
756,22:49:13.511,22:49:14.850,1339,460204.726695733
757,22:49:15.604,22:49:16.610,1006,119290.043937112
758,22:49:17.314,22:49:18.303,989,107835.991063549
759,22:49:19.258,22:49:20.127,869,43423.8531325142
760,22:49:20.885,22:49:21.806,921,67799.7795692958
761,22:49:22.551,22:49:23.226,675,206.896810675123
762,22:49:24.218,22:49:24.849,631,877.112902629145
763,22:49:25.998,22:49:26.625,627,1130.04163826133
764,22:49:27.627,22:49:28.246,619,1731.8991095257
765,22:49:29.354,22:49:29.944,590,4986.63244285903
766,22:49:31.47,22:49:31.651,604,3205.38186814639
767,22:49:32.715,22:49:33.389,674,179.128994583169
768,22:49:34.410,22:49:35.046,636,605.951983088915
769,22:49:36.140,22:49:36.771,631,877.112902629145
770,22:49:37.840,22:49:38.458,618,1816.13129343374
771,22:49:39.475,22:49:40.097,622,1491.20255780156
772,22:49:41.181,22:49:41.786,605,3093.14968423834
773,22:49:42.869,22:49:43.494,625,1268.50600607742
774,22:49:44.578,22:49:45.152,574,7502.34738538776
775,22:49:46.298,22:49:46.927,629,999.577270445236
776,22:49:47.934,22:49:48.557,623,1414.97037389351
777,22:49:49.574,22:49:50.202,628,1063.80945435328
778,22:49:51.260,22:49:51.881,621,1569.4347417096
779,22:49:53.140,22:49:53.750,610,2561.98876469811
780,22:49:54.905,22:49:55.526,621,1569.4347417096
781,22:49:56.631,22:49:57.256,625,1268.50600607742
782,22:49:58.357,22:49:58.989,632,818.880718721099
783,22:49:59.989,22:50:00.609,620,1649.66692561765
784,22:50:01.848,22:50:02.480,632,818.880718721099
785,22:50:03.684,22:50:04.307,623,1414.97037389351
786,22:50:05.424,22:50:06.050,626,1198.27382216937
787,22:50:07.28,22:50:07.658,630,937.34508653719
788,22:50:08.775,22:50:09.396,621,1569.4347417096
789,22:50:10.586,22:50:11.200,614,2173.06002906593
790,22:50:12.293,22:50:12.918,625,1268.50600607742
791,22:50:13.936,22:50:14.555,619,1731.8991095257
792,22:50:15.875,22:50:16.485,610,2561.98876469811
793,22:50:17.747,22:50:18.377,630,937.34508653719
794,22:50:19.346,22:50:19.969,623,1414.97037389351
795,22:50:21.154,22:50:21.787,633,762.648534813053
796,22:50:22.751,22:50:23.366,615,2080.82784515788
797,22:50:24.478,22:50:25.099,621,1569.4347417096
798,22:50:26.97,22:50:26.737,640,425.023247456731
799,22:50:27.826,22:50:28.447,621,1569.4347417096
800,22:50:29.487,22:50:30.192,705,1969.93129343374
801,22:50:31.182,22:50:32.186,1004,117912.508304928
802,22:50:32.841,22:50:33.455,614,2173.06002906593
803,22:50:34.612,22:50:35.218,606,2982.91750033029
804,22:50:36.344,22:50:37.104,760,9877.16117849122
805,22:50:38.181,22:50:39.120,939,77497.600258951
806,22:50:39.881,22:50:40.827,946,81443.9749715947
807,22:50:41.517,22:50:42.462,945,80874.2071555027
808,22:50:43.192,22:50:44.921,1729,1141444.17497159
809,22:50:44.970,22:50:46.443,1473,659967.614052055
810,22:50:46.710,22:50:47.747,1037,141664.846235963
811,22:50:48.539,22:50:49.472,933,74192.9933623993
812,22:50:50.170,22:50:51.021,851,36246.032442859
813,22:50:51.944,22:50:52.594,650,112.701408376271
814,22:50:53.597,22:50:54.215,618,1816.13129343374
815,22:50:55.393,22:50:56.017,624,1340.73818998547
816,22:50:57.284,22:50:57.923,639,467.255431364777
817,22:50:58.901,22:50:59.621,720,3526.44853481305
818,22:51:00.721,22:51:01.336,615,2080.82784515788
819,22:51:02.413,22:51:03.038,625,1268.50600607742
820,22:51:04.221,22:51:04.844,623,1414.97037389351
821,22:51:05.911,22:51:06.529,618,1816.13129343374
822,22:51:07.581,22:51:08.201,620,1649.66692561765
823,22:51:09.297,22:51:09.964,667,40.7542819394902
824,22:51:11.6,22:51:11.610,604,3205.38186814639
825,22:51:12.693,22:51:13.282,589,5128.86462676708
826,22:51:14.380,22:51:15.372,992,109815.294511825
827,22:51:16.198,22:51:17.754,1556,801712.342787687
828,22:51:17.960,22:51:18.696,736,5682.73359228432
829,22:51:19.650,22:51:20.786,1136,225989.860029066
830,22:51:21.355,22:51:22.421,1066,164336.112902629
831,22:51:23.4,22:51:24.294,1290,396124.103707227
832,22:51:24.901,22:51:25.845,944,80306.4393394108
833,22:51:26.628,22:51:27.671,1043,146217.453132514
834,22:51:28.364,22:51:29.165,801,19707.6416382613
835,22:51:30.65,22:51:30.794,729,4676.35887964064
836,22:51:31.842,22:51:32.466,624,1340.73818998547
837,22:51:33.799,22:51:34.417,618,1816.13129343374
838,22:51:35.398,22:51:36.007,609,2664.22094860616
839,22:51:37.56,22:51:37.671,615,2080.82784515788
840,22:51:38.807,22:51:39.435,628,1063.80945435328
841,22:51:40.570,22:51:41.188,618,1816.13129343374
842,22:51:42.283,22:51:42.899,616,1990.59566124983
843,22:51:44.155,22:51:44.759,604,3205.38186814639
844,22:51:45.751,22:51:46.358,607,2874.68531642225
845,22:51:47.603,22:51:48.213,610,2561.98876469811
846,22:51:49.373,22:51:50.043,670,88.0577302153523
847,22:51:51.162,22:51:51.784,622,1491.20255780156
848,22:51:52.816,22:51:53.438,622,1491.20255780156
849,22:51:54.592,22:51:55.221,629,999.577270445236
850,22:51:56.233,22:51:56.871,638,511.487615272823
851,22:51:57.852,22:51:58.466,614,2173.06002906593
852,22:51:59.714,22:52:00.339,625,1268.50600607742
853,22:52:01.363,22:52:01.957,594,4437.70370722685
854,22:52:03.65,22:52:03.626,561,9923.36577619236
855,22:52:04.817,22:52:05.441,624,1340.73818998547
856,22:52:06.460,22:52:07.076,616,1990.59566124983
857,22:52:08.412,22:52:09.034,622,1491.20255780156
858,22:52:10.96,22:52:10.711,615,2080.82784515788
859,22:52:11.796,22:52:12.404,608,2768.4531325142
860,22:52:13.724,22:52:14.341,617,1902.36347734179
861,22:52:15.249,22:52:15.885,636,605.951983088915
862,22:52:16.888,22:52:17.511,623,1414.97037389351
863,22:52:18.727,22:52:19.332,605,3093.14968423834
864,22:52:20.401,22:52:21.074,673,153.361178491214
865,22:52:22.239,22:52:22.852,613,2267.29221297397
866,22:52:23.845,22:52:24.474,629,999.577270445236
867,22:52:25.622,22:52:26.243,621,1569.4347417096
868,22:52:27.237,22:52:27.870,633,762.648534813053
869,22:52:28.991,22:52:29.605,614,2173.06002906593
870,22:52:30.659,22:52:31.279,620,1649.66692561765
,,,660.616091954023,211.55601019526
